area,bbox-0,bbox-1,bbox-2,bbox-3,bbox_area,centroid-0,centroid-1,convex_area,eccentricity,equivalent_diameter,euler_number,extent,filled_area,label,major_axis_length,minor_axis_length,moments-0-0,moments-0-1,moments-0-2,moments-0-3,moments-1-0,moments-1-1,moments-1-2,moments-1-3,moments-2-0,moments-2-1,moments-2-2,moments-2-3,moments-3-0,moments-3-1,moments-3-2,moments-3-3,moments_central-0-0,moments_central-0-1,moments_central-0-2,moments_central-0-3,moments_central-1-0,moments_central-1-1,moments_central-1-2,moments_central-1-3,moments_central-2-0,moments_central-2-1,moments_central-2-2,moments_central-2-3,moments_central-3-0,moments_central-3-1,moments_central-3-2,moments_central-3-3,orientation,perimeter,feret_diameter_max,solidity
7388,46,26,123,167,10857,85.11654033567947,102.22319978343259,7776,0.8343812798118713,96.98811141837633,1,0.6804826379294464,7388,IMG_20221122_175014.jpg,132.3839566036792,72.96840846940175,7388.0,563137.0,51014133.0,5068743085.0,288993.0,22143650.0,2016839768.0,201658450022.0,13765319.0,1069877150.0,97294705636.0,9669983889398.0,729117129.0,57462623642.0,5203272928964.0,512079745488206.0,7388.0,-2.4073187887552194e-11,8090028.94355712,-53013151.274614275,3.04751779367507e-11,115678.82498646453,3708556.440470337,522448916.07220745,2460912.6587709817,11590578.933185352,1503246471.673412,13727644208.429184,-1859305.4557936694,-4168796.3805941856,1819810353.01115,89511400456.59995,1.5502578000967995,363.9482681718907,141.7956275771577,0.9501028806584362
5736,82,56,151,178,8418,115.82601115760112,111.70676429567644,6070,0.821652568294926,85.4593589292647,1,0.6813970064148254,5736,IMG_20221129_174950.jpg,114.62892920646861,65.33718819561541,5736.0,319534.0,22504146.0,1801518598.0,194026.0,10663022.0,743549056.0,58931591936.0,8100218.0,436524568.0,29473356178.0,2257379349790.0,378330538.0,20056325882.0,1308092753596.0,96323637576536.0,5736.0,6.249933903745841e-11,4703940.777545328,23802800.791433457,5.4086513046058826e-11,-145538.64923291508,-1461463.2308262512,-407430457.1515477,1537092.3591352853,-4866382.923965986,692189776.9241805,-4260138857.723132,345066.9722514081,-25837710.769115742,313228101.56591827,-59241322757.74275,-1.5249681561734867,316.97770542341357,123.47064428438041,0.9449752883031302
7542,114,43,195,180,11097,154.47984619464333,106.24144789180589,7961,0.80739711795694,97.99373779172114,1,0.6796431467964315,7542,IMG_20221122_173412.jpg,128.95893023550985,76.08685010980328,7542.0,476967.0,37998357.0,3429872577.0,305299.0,19149641.0,1522634319.0,137206660217.0,15092229.0,933574917.0,72472268375.0,6366072451917.0,830115133.0,50715408383.0,3827473585233.0,325637087799659.0,7542.0,-6.288303211476887e-11,7834273.323389024,35899886.50771901,1.3579892765847035e-10,-157909.79992044592,4439560.757399996,-581675311.8220198,2733772.4366215854,-8095168.047888626,1555282172.0051017,-11292405859.660717,-2141351.1855299575,-22939575.40734159,2519166838.191983,-135901650050.55687,-1.5398761372903649,364.43354954612926,138.75518008348374,0.9473684210526315
6126,96,62,168,188,9072,131.39063010120796,120.0071825008162,6457,0.8115998630825948,88.31684692654967,1,0.6752645502645502,6126,IMG_20221122_171815.jpg,116.91311692824668,68.30224611774803,6126.0,355352.0,25843284.0,2130982676.0,216803.0,12679109.0,928514461.0,76909962641.0,9462061.0,550801241.0,39566118737.0,3206538370577.0,460341995.0,26593450763.0,1862112875011.0,146522401012019.0,6126.0,7.048583938740194e-12,5230315.683969963,25094831.757722843,-6.661338147750939e-11,102977.81227554718,1957450.8551288983,112994884.109187,1789266.222167809,-5355157.5866063945,814015751.6607747,-5032607964.484305,-1172823.8887194234,71937740.2650799,241557369.22234708,67971564618.239624,1.5409057046918848,327.4629867976521,126.39620247459969,0.9487378039337153
5768,75,41,148,160,8687,111.5989944521498,104.75381414701803,6078,0.8173130944313298,85.69740774394765,1,0.6639806607574537,5768,IMG_20221129_164339.jpg,114.1266887321285,65.75909150310186,5768.0,367732.0,27926868.0,2334906898.0,211103.0,14247623.0,1119394901.0,96005906375.0,9497979.0,666356201.0,53156462623.0,4593495504749.0,478721465.0,34396872521.0,2761744996763.0,238779596797109.0,5768.0,7.275957614183426e-12,4482550.4160887655,-17096826.4442282,5.547917680814862e-11,789001.5721220524,-3304105.1794682876,1561803468.6149108,1771821.4741678208,3070484.7400548933,1033501712.5062193,-610141961.2339624,1411215.6658287866,368852637.0450632,1718264975.7379518,565340556456.4781,1.3072073534005713,319.32085117392114,125.54282137979854,0.9489963803882856
6388,88,75,162,203,9472,125.20554164057609,142.32232310582341,6673,0.8098816906919655,90.18566522329488,1,0.6744087837837838,6388,IMG_20221129_165914.jpg,118.88325557988307,69.73611588300402,6388.0,430055.0,34576303.0,3064382693.0,237669.0,15738085.0,1254885501.0,110886813823.0,10802897.0,712121761.0,55929496437.0,4861545113503.0,545620131.0,35938556929.0,2776665125169.0,236561261120347.0,6388.0,-5.439915184979327e-11,5624001.336725112,-20616019.648032833,5.516653800441418e-11,-262344.21023794555,3778663.3294865126,-321305039.5291314,1960293.1238259235,4366955.563413418,941820581.9799973,4488674891.765129,-2175038.064835128,-191830912.5125289,181115011.72243586,-168025404564.60666,-1.4996737355798517,331.1198410471445,128.47178678604885,0.957290573954743
8343,82,20,166,169,12516,125.66990291262135,89.48136162052019,8693,0.8403908434757554,103.06618030045288,1,0.6665867689357622,8343,IMG_20221126_165225.jpg,141.3169667172407,76.59108823314367,8343.0,579683.0,50636849.0,5002882019.0,364338.0,25940697.0,2306324837.0,230689224417.0,19023134.0,1367635209.0,120787551017.0,11957802136029.0,1098344334.0,79201232205.0,6889456177757.0,669190388419065.0,8343.0,9.232792308466742e-11,10359684.85173199,44954783.391692415,-1.1312550896036555e-10,625996.669902914,8028355.379400668,1474092651.1532273,3112528.912621361,-8792471.206181768,2116713743.2324815,-7669857966.14282,-4241751.7275898,457231024.8865498,-138278598.7696924,600923357781.7415,1.485262320854324,384.5756851698602,150.3362896974646,0.9597377200046014
13413,43,27,139,224,18912,93.03906657720123,126.7714903451875,13908,0.8719382931269059,130.6826767920398,1,0.7092322335025381,13413,IMG_20221126_165138.jpg,187.92143621669825,92.00930075502475,13413.0,1338235.0,163118079.0,22076260411.0,671174.0,67270723.0,8240910125.0,1122262897399.0,40686012.0,4111261095.0,500361686901.0,67486684823127.0,2739763166.0,278662659697.0,33563385338651.0,4461693028495705.0,13413.0,5.400124791776761e-13,29600378.617908,-104821212.0550377,4.362732397567015e-11,306692.73905911995,17435326.665879026,3210006474.9839096,7101091.529113542,21263804.780769825,9129683572.415241,29467119850.248825,-6790880.821032738,-183448774.83270603,20550969635.273647,976278654231.9906,1.5571684820750715,496.71782079359116,198.01262586006985,0.9644089732528042
8695,73,72,156,224,12616,115.16135710178263,146.68395629672224,9168,0.8266387506514988,105.21795398824405,1,0.6892041851616995,8695,IMG_20221126_163008.jpg,141.4621580015886,79.60541785081432,8695.0,649377.0,59115895.0,5983631373.0,366593.0,28736910.0,2701781966.0,280720780278.0,19157005.0,1551476392.0,147372960808.0,15379215921124.0,1118001203.0,92300278782.0,8775295812482.0,912299487423498.0,8695.0,-1.0973622011078987e-10,10617851.511903387,-17343862.181780417,-4.774847184307873e-11,1358294.4093157,6490005.906681819,4260214249.58449,3700946.615986198,6220396.52288212,3062733921.818472,12481910630.855717,-1757989.5880916975,773313658.6809978,6710257194.044286,1929186728712.2336,1.3836775312604543,394.91883092036784,155.3319027115808,0.9484075043630017
5912,58,22,127,152,8970,90.5703653585927,93.46058863328822,6260,0.8534051838097024,86.76054511397611,1,0.6590858416945373,5912,IMG_20221122_172745.jpg,122.43989101481954,63.82156178808548,5912.0,422475.0,35656385.0,3286904991.0,192556.0,14298987.0,1229545885.0,114777084729.0,7849960.0,602606237.0,52181055059.0,4863758556911.0,361560856.0,28378120617.0,2459988717079.0,227842010371503.0,5912.0,-4.361311312095495e-11,5466072.817151559,-42338831.68728137,-5.576339390245266e-11,538821.8951285523,-8804661.40542464,1354278040.9281487,1578340.7280108258,6544222.677140233,917566596.6767561,1001611133.770668,3070522.4063421707,186532658.77399948,9495248.439171044,327364186913.51245,1.4355953816295528,332.97770542341357,132.19682295728592,0.9444089456869009
7205,64,37,143,172,10665,102.69659958362249,100.12241498959057,7665,0.8072436407665089,95.77938671664612,1,0.6755743084857009,7205,IMG_20221129_170417.jpg,126.1129756301547,74.43419279229018,7205.0,454797.0,35861797.0,3199891833.0,278809.0,17793063.0,1410052627.0,125733713019.0,13291969.0,846813877.0,65864248037.0,5736205318453.0,707513053.0,44924085225.0,3416912936929.0,289359345722217.0,7205.0,-4.9396930990042165e-11,7153912.0299791815,33064192.582805865,-1.262492332898546e-10,193965.5991672459,-2164125.946832963,62161.36294049466,2503008.7666898,-7218924.494717655,1374446318.6545286,-6635440037.880582,-556805.0687067832,230848304.1069313,149130233.38916016,209148163987.4024,1.5291877107602017,354.7766952966369,136.194713553794,0.9399869536855838
9298,67,48,154,202,13398,110.09055710905571,126.46805764680576,9809,0.8278055825591222,108.80524475845613,1,0.6939841767427974,9298,IMG_20221126_164126.jpg,146.49486603736455,82.18582866268459,9298.0,729596.0,69676474.0,7370564732.0,400656.0,32056405.0,3091867627.0,329749990501.0,21234588.0,1729378087.0,166285142101.0,17595288926335.0,1259851626.0,103781903215.0,9897317470645.0,1033671979413739.0,9298.0,-3.603872755775228e-11,12426493.013121104,-46978386.66059404,1.8852119865186978e-10,617706.8954613894,-7470975.618422703,2496847293.409005,3970097.750914177,9906543.198757073,3200027527.7466226,8274402857.492895,2693951.370129143,202290517.74485704,1087532074.0449994,919162548802.3479,1.4982633210812808,405.0609665440988,154.72879499304582,0.9479049852176572
7155,101,39,181,173,10720,141.26778476589797,101.49475890985325,7641,0.8089331208044425,95.44647160885566,1,0.6674440298507462,7155,IMG_20221122_174815.jpg,125.91474010763841,74.02536095875635,7155.0,447150.0,34938082.0,3084584862.0,288116.0,17343983.0,1318065559.0,113440577795.0,14148664.0,826895177.0,60521913653.0,5006185981037.0,776283908.0,44521922495.0,3152145163195.0,251014291837631.0,7155.0,1.1311840353300795e-11,6993550.553459122,27017339.112719756,-9.470113582210615e-11,-661756.9580712789,-6100924.00612938,-1871330411.5128663,2546870.9243885363,-4027195.0666206535,1578971729.908467,1336956438.6953309,1434850.903388292,-286148724.99851334,1517938270.8500195,-606871844653.9928,-1.4261507673628515,357.60512242138304,137.10215169719257,0.9363957597173145
5600,79,51,145,174,8118,110.64910714285715,105.84839285714285,5850,0.8284000515042672,84.44016491289504,1,0.6898250800689825,5600,IMG_20221129_174349.jpg,113.90378459093048,63.801713604919165,5600.0,307151.0,21364491.0,1686305867.0,177235.0,9453334.0,643521036.0,49779542056.0,7057233.0,366558738.0,24020317960.0,1785151358364.0,316116733.0,16117555750.0,1019561529852.0,72816291670768.0,5600.0,-9.109157872444484e-12,4517752.285535714,18914967.062471393,3.084821287302475e-11,-267720.90803571406,-3277905.6315793875,-634977908.5676544,1447903.4955357136,-3572894.662782206,722809486.3086505,-2287195820.098021,1111903.9254384516,-77201452.81933592,506284662.96718514,-120643115143.31587,-1.484455095150207,313.3208511739212,124.95199078045935,0.9572649572649573
6576,91,41,167,172,9956,129.61116180048663,102.01642335766424,7004,0.8276306007151611,91.50313243915987,1,0.6605062274005625,6576,IMG_20221129_171015.jpg,123.63838726236182,69.3949114686681,6576.0,401244.0,30596288.0,2643560166.0,253907.0,16328201.0,1289495309.0,114081937883.0,11951795.0,788599471.0,62533547611.0,5515947154669.0,623507003.0,41665659743.0,3281207295395.0,285803090729609.0,6576.0,1.4944134818506427e-10,6113814.226277374,30597949.89767715,5.6218141253339127e-11,835703.9945255464,6153745.0743890675,1550582299.0359852,2148150.7407238437,-5191316.9038924035,1205274756.625057,-3274126441.190132,-3850879.195094042,485163573.05842584,-1111935291.8752868,589187547601.4705,1.3713578930358878,340.5340546095176,132.09844813622905,0.9388920616790406
6040,95,24,165,151,8890,130.02814569536423,82.06059602649006,6435,0.8301406870554389,87.69473673032141,1,0.6794150731158605,6040,IMG_20221126_170108.jpg,119.04467620206916,66.37383291619626,6040.0,350686.0,25659916.0,2134295878.0,211570.0,12714130.0,950158032.0,80018957362.0,9124890.0,554228646.0,41028257808.0,3404756870322.0,438093922.0,26659899694.0,1938140921424.0,157146181252150.0,6040.0,8.526512829121202e-12,5298877.8218543045,29153851.833510373,-3.2869706956262235e-11,430249.6986754972,1377647.9305578782,667411657.1011158,1713985.215231787,-5709604.337342676,832788074.5313561,-5138461332.08201,-1609502.051850789,240184327.57364246,-1131413072.7397635,256247431594.0744,1.4530073291614105,328.63455967290594,127.251719045363,0.9386169386169386
6605,85,62,159,199,10138,122.69417108251325,137.76911430734293,7088,0.8466232943437283,91.70467377934317,1,0.6515091734069837,6605,IMG_20221129_164733.jpg,128.36480377294643,68.31480276637784,6605.0,500455.0,44682543.0,4353089443.0,248970.0,19296424.0,1748260410.0,172436333338.0,11349894.0,902823098.0,82291411800.0,8115419074256.0,576411330.0,46815605788.0,4272833474586.0,419310091319062.0,6605.0,-1.693933882052079e-11,6763510.899318697,-57397726.00864155,-1.48929757415317e-11,432187.61090083316,-1503955.228880054,1248581550.6723888,1965176.2255866774,10269774.647697115,1141913907.2739127,9551953011.932983,435106.0865056791,137875916.8465911,2674674353.161509,303196271883.7435,1.4816817318088649,357.1198410471445,139.44532978913278,0.9318566591422122
7181,69,54,144,193,10425,105.60618298287146,128.79055841804762,7734,0.8472971460362431,95.61973212022299,1,0.6888249400479616,7181,IMG_20221129_163936.jpg,133.47239389631622,70.88974374406492,7181.0,537071.0,48084233.0,4724177393.0,262869.0,20329486.0,1845929788.0,183246713104.0,11957221.0,950984748.0,86598681138.0,8564311110102.0,612148401.0,49562131078.0,4502981801620.0,441577418434684.0,7181.0,4.5361048250924796e-11,7916392.999860741,-56212150.40612984,-3.723243935382925e-11,669366.6992062385,-14375062.229186429,2305403619.74217,2334590.285475561,7691592.534425634,1677927876.0073621,-3385220964.193703,3519302.747061659,243651302.97532672,-1247046820.326666,700865305518.2894,1.453100004314602,367.1198410471445,143.58621103713267,0.9284975433152315
7733,101,49,179,193,11232,140.19617224880383,114.78287857235226,8189,0.8265940106689946,99.22681794473213,1,0.6884793447293447,7733,IMG_20221122_173502.jpg,134.05755733290488,75.4474148003791,7733.0,508699.0,42146845.0,3965459155.0,303104.0,19813541.0,1635446115.0,152991837929.0,14634338.0,943430681.0,75839261099.0,6887236905005.0,788561534.0,50254150427.0,3924955510905.0,344467966927955.0,7733.0,7.3796968536044e-11,8683160.453122985,50511788.7331678,8.79580852597428e-11,-125512.62679425892,-35717.58822900801,-802508167.4434947,2753821.406698565,-9418969.562305221,1707048870.6844618,-12388725543.238441,-927015.3940157014,66355625.79309321,2188309956.5178447,-73582914177.35658,-1.549640896328025,370.5340546095176,145.52319402761884,0.9443155452436195
13046,37,17,133,212,18720,86.45830139506361,117.7108692319485,13703,0.881371342375446,128.88243906993276,1,0.6969017094017094,13046,IMG_20221126_162658.jpg,189.40578767486144,89.479864105055,13046.0,1313874.0,161539798.0,21973863576.0,645233.0,65844767.0,8179365997.0,1125062175617.0,38473355.0,3995591709.0,496506842139.0,68053751567703.0,2544471407.0,267961292045.0,33150061947151.0,4502693720350535.0,13046.0,-2.5011104298755527e-12,29218405.39874291,-180171906.69108513,1.2221335055073723e-12,862790.7128621804,16097174.903099198,7155698427.27314,6561226.815958915,35562358.4454694,8866602538.71952,54077385793.657486,-7369647.039417209,97325269.29641806,16006165251.585522,2656160198361.121,1.5327894624659655,496.6173157302028,197.29419656948858,0.952054294679997
7129,68,74,140,206,9504,104.33623229064385,140.78159629681582,7373,0.8336389843375283,95.27289601149414,1,0.7501052188552189,7129,IMG_20221126_163237.jpg,128.6904356329175,71.07698045002374,7129.0,476086.0,39147146.0,3583893220.0,259041.0,17661288.0,1473051178.0,136544715948.0,11689227.0,810333626.0,67476673184.0,6221204815154.0,589634535.0,41309291526.0,3414948801784.0,311398296748170.0,7129.0,3.186073627148289e-11,7353362.945434141,-12554311.636403173,1.1610268302320037e-11,362116.5136765329,2225949.770737624,1028700265.7729803,2276653.0511993268,3392487.949703282,1506756080.9713562,4737434987.382156,-557920.7972295653,128414399.8765576,1341365114.9827604,321946640102.854,1.4999454066076783,344.97770542341357,134.16407864998737,0.9669062796690628
9097,101,28,186,177,12665,143.01044300318787,100.76574694954381,9445,0.8187187622035113,107.62276775132563,1,0.7182787208843269,9097,IMG_20221029_095028.jpg,142.78353702076336,81.98555454480048,9097.0,661950.0,59637246.0,6038193264.0,382169.0,26845214.0,2362913394.0,234809803526.0,19998159.0,1367179502.0,116311530314.0,11166964882274.0,1172819963.0,78776507546.0,6497068302666.0,602686128262418.0,9097.0,3.1178615245153196e-11,11469959.806749476,29404127.157564446,-8.43698444441543e-11,-963598.7459602064,-2239764.9312171936,-3062092110.4285693,3943070.0079146945,-7039054.860532871,3176300810.682522,-6059690208.87746,1388208.5116517371,-575570939.1826187,3640763161.943591,-1348179072550.682,-1.445467919291033,388.33304448274095,151.42654985173505,0.9631551085230281
7097,44,29,125,160,10611,83.76144849936593,98.99619557559532,7646,0.7872540399677601,95.05882941097818,1,0.6688342286306663,7097,IMG_20221122_172647.jpg,122.99040243833338,75.83942422368492,7097.0,496763.0,41465683.0,3799255883.0,282187.0,20004991.0,1678649659.0,154414097839.0,13786813.0,993729545.0,83001384021.0,7557135464897.0,754470571.0,55086599641.0,4563853857493.0,409621563373525.0,7097.0,6.940581442904659e-11,6694162.897280542,-40316044.68952342,6.350830972223775e-11,252974.5591094833,-5500473.525688046,786895560.7623211,2566649.132309426,8587816.08047692,1288973852.9499323,7085135701.379607,2179541.3495843173,52300295.745224595,179995697.08993104,165134669541.25107,1.5098107481312137,356.0904037956216,132.83448347473634,0.9281977504577557
6683,82,60,153,195,9585,117.36944486009277,132.60227442765225,7064,0.8562363099401384,92.24456557144758,1,0.6972352634324466,6683,IMG_20221129_170025.jpg,129.9800117720878,67.1456387463078,6683.0,485201.0,42269945.0,4045957025.0,236374.0,17425218.0,1531434196.0,147778566486.0,10257076.0,772539166.0,67996580252.0,6535670143774.0,497046838.0,38113741374.0,3348729361864.0,319413775361022.0,6683.0,-1.3670842236024328e-11,7043248.8454287015,-45648893.00788576,3.0809133022557944e-11,263927.9844381262,-1953836.827282141,927306898.4616961,1896658.8406404306,9182146.837474875,1213477134.998056,8119371181.392269,92213.4273406565,62188280.491553426,1348903522.9447165,202288837321.24014,1.519692911617431,348.73506473629425,136.4734406395618,0.9460645526613817
8153,67,32,152,171,11815,109.64074573776524,101.19256715319514,8447,0.810427893032004,101.8858282992575,1,0.6900550148116801,8153,IMG_20221126_164237.jpg,133.6434427025571,78.2934605613641,8153.0,564127.0,47960737.0,4560190243.0,347650.0,25058948.0,2186655836.0,211772520074.0,18121340.0,1338544528.0,117191231352.0,11318517302878.0,1052955682.0,78922733906.0,6875996007818.0,657249877117700.0,8153.0,2.594902070995886e-11,8927341.669569487,6252351.468361359,8.674305718159303e-11,1004152.0291917083,2614530.763441503,2357420166.138394,3297284.744265913,-953089.5735305813,2259540049.0066843,2107139525.5528805,-949130.1781050003,710600857.2343378,-45563357.055745974,1077645465610.554,1.3994758202360755,369.747258045114,141.40014144264495,0.9651947436959868
8615,46,58,134,202,12672,90.30446894950667,132.35507835171214,8998,0.7793329974191235,104.73279657248453,1,0.6798453282828283,8615,IMG_20221129_164141.jpg,133.3721098708066,83.57229638622914,8615.0,640569.0,57206729.0,5648913177.0,381683.0,28320023.0,2526074953.0,249685745147.0,20671507.0,1538720961.0,135704883835.0,13225072255185.0,1247715863.0,93160453025.0,8103730798183.0,775514245017473.0,8615.0,-1.2968826013093349e-10,9577170.815322107,-28920212.76217515,-1.177511421701638e-10,-60046.370516541436,490709.4856436132,300117556.10854346,3761244.377945441,7010083.483195584,2325172434.7988496,7729242012.55813,-1404146.529390846,-191699272.57270983,3232833741.07568,-181195748289.10706,-1.5604733216508098,381.1614716074871,145.38225476308997,0.957434985552345
4073,110,29,151,160,5371,132.4664866191996,93.98404124723791,4280,0.9600360282935085,72.01322563047928,1,0.7583317817911004,4073,IMG_20221126_164511.jpg,138.10550373612705,38.652477399034595,4073.0,264680.0,22050790.0,2075602160.0,91506.0,6088103.0,521511699.0,50158473251.0,2440628.0,164404661.0,14208890485.0,1374831458345.0,71526888.0,4863320879.0,421709356047.0,40860560988515.0,4073.0,6.480149750132114e-11,4850813.96268107,12201723.838730156,1.5148771126405336e-11,141673.32163024784,7694910.56931303,232018241.68985024,384809.67542352114,-563013.1905708192,353952739.4432409,1236138948.0016494,-596091.1521260453,38635562.78980521,1170242334.6444805,58137484221.53265,1.5391161764979182,314.8528137423857,131.54847015454038,0.9516355140186916
9744,53,7,151,157,14700,102.66235632183908,79.58384646962233,10144,0.7405506127176875,111.38422744670551,1,0.6628571428571428,9744,IMG_20220110_150842.jpg,136.94216659665918,92.02521644755153,9744.0,707257.0,62648463.0,6202740439.0,483910.0,34310040.0,3003948948.0,294982579896.0,29297156.0,2039586300.0,174184199420.0,16661672067876.0,1972006000.0,135749677062.0,11306086032138.0,1049995059383226.0,9744.0,3.865352482534945e-12,11313029.497434318,13187626.754022326,8.79651906871004e-11,-814009.1451149425,10846485.106231391,-2556351381.52854,5265045.152298852,-6062748.67270694,3472520845.792898,-12947619647.91399,-5908897.296579764,-459939049.66224587,5676339569.820689,-1236115815270.4258,-1.439320944784971,405.3452377915607,150.9602596712128,0.9605678233438486
7774,73,37,153,180,11440,113.03331618214561,112.17892976588628,8224,0.8213848891903428,99.48951814523556,1,0.6795454545454546,7774,IMG_20221129_173440.jpg,133.368989013423,76.07024628834799,7774.0,584441.0,52576855.0,5208345677.0,311219.0,23533501.0,2125565417.0,211626387235.0,15273925.0,1167285075.0,104747333167.0,10324366368093.0,835948403.0,64432867111.0,5724835016279.0,556128280185745.0,7774.0,5.803713065688498e-11,8639206.108695649,-43298550.91347965,-3.9534597817691974e-11,136389.65719063501,232300.00472034188,754075323.296664,2814796.371108826,8087479.635010994,1698744061.7628157,11125774537.725782,-888732.0932897065,-39906418.59530882,2092095878.0775235,86607222524.2931,1.5473965189065475,373.26197667087547,144.68241081762497,0.9452821011673151
7538,77,36,158,174,11178,117.75165826479173,100.6489785088883,7998,0.8131056616180269,97.96774820426188,1,0.6743603506888531,7538,IMG_20221122_175233.jpg,129.83623089605564,75.57976362047445,7538.0,487324.0,39430028.0,3607623286.0,307186.0,20156981.0,1647248011.0,151400027819.0,15226482.0,1001776001.0,80740441699.0,7283173929599.0,839252890.0,55200158777.0,4363571875339.0,383861859726203.0,7538.0,-4.745004389405949e-11,7925029.19713452,33822168.72741243,1.0274447959091049e-10,297719.88776863803,1914411.320784246,279150052.49877524,2708143.10427169,-6865664.833933976,1534678817.4611835,-8559943339.627434,-1974145.6738666422,299410253.9716713,457911153.7482857,286908474247.7899,1.5139737184236073,364.3330444827409,138.70832707519762,0.9424856214053513
10760,79,0,172,176,16368,127.0139405204461,87.35557620817843,11414,0.8504189857466871,117.04724474053351,1,0.6573802541544477,10760,IMG_20221029_094941.jpg,163.57792393580252,86.0593312059638,10760.0,939946.0,100067908.0,11943038572.0,516630.0,44445147.0,4702970197.0,558503910417.0,29822312.0,2523227855.0,260966211001.0,30249633053069.0,1906284714.0,159424847955.0,16083626979229.0,1811116726320885.0,10760.0,-2.121396391885355e-10,17958383.56542751,64018920.462207325,-1.4267698134062812e-10,-685364.3364312269,18056407.32549908,-3970377853.06766,5016869.908921929,-16103308.651586568,4570057660.206221,-22870971584.056034,-7361387.361772957,-40211400.34682058,6238127087.007243,-1236566272081.2395,-1.5180344505426244,455.78888860545663,178.2133552795637,0.9427019449798493
6931,62,66,137,193,9525,98.31048910691098,129.67652575385947,7187,0.8205445309641566,93.94053057418513,1,0.7276640419947507,6931,IMG_20221126_164325.jpg,124.90536338338512,71.39373280263628,6931.0,441342.0,34529214.0,3013026924.0,251668.0,17209127.0,1404408985.0,126433595033.0,11678394.0,830876615.0,68803614969.0,6239514850205.0,608791534.0,44284439159.0,3683505366745.0,333769631506853.0,6931.0,-2.69508859673806e-11,6426088.770740154,-4055474.7447700244,1.2448708730516955e-10,1183783.1165776937,-122056.03668518494,2652774076.196778,2540205.8274419284,1269570.7764030523,1877702664.9561296,320072243.35425055,271103.82350165397,698130857.5358421,515613372.57111067,1274715349178.8713,1.2971910769648451,342.14927829866735,133.76471881628578,0.9643801307917073
2776,102,25,137,129,3640,119.1693083573487,77.35302593659942,2905,0.9505758640714145,59.45177016864016,1,0.7626373626373626,2776,IMG_20220110_150640.jpg,107.02247152782127,33.2296633814818,2776.0,145332.0,9585252.0,706838574.0,47662.0,2632508.0,179176186.0,13488389684.0,1020458.0,58384142.0,4008128396.0,301838778086.0,24458110.0,1434806336.0,98720370286.0,7399793083916.0,2776.0,3.1093350116861984e-11,1976682.0345821322,-1948944.2146185143,-1.2889245226688217e-11,137258.07780979836,232287.31393832198,187370404.92229334,202134.42507204617,246825.33388284917,101193876.73970352,104188876.38823043,-3464.6151180570105,20251879.05701252,101006122.45040256,21854826918.18196,1.494056414186626,250.95331880577402,105.38026380684383,0.9555938037865749
11536,81,0,177,181,17376,126.688020110957,86.56145977808599,12132,0.8437156059834018,121.19443629170787,1,0.6639042357274402,11536,IMG_20220212_095546.jpg,168.05917555774997,90.21255875371192,11536.0,998573.0,106780875.0,12874515299.0,527057.0,45072745.0,4706441277.0,552272779423.0,29968813.0,2528567419.0,254729010883.0,28664933168773.0,1931092643.0,161407165813.0,15748254762621.0,1702740567197575.0,11536.0,5.907452305109473e-11,20342938.425017342,109577990.12823544,-1.262279170077818e-10,-550078.3062586667,-76934325.10157123,-3594669367.1445203,5888622.184379338,-15312804.658586118,6095148268.629359,16699230399.246155,23797934.38298906,-207504732.15353513,-19300865723.639782,-1344654888170.1953,-1.532813225591525,464.6173157302028,181.79658962697843,0.9508737223870755
1360,92,23,122,85,1860,106.33308823529411,53.12867647058823,1413,0.8836525782874287,41.61256758288079,1,0.7311827956989247,1360,IMG_20220110_151135.jpg,61.256303372372045,28.67672614528088,1360.0,40975.0,1549841.0,66177151.0,19493.0,557451.0,20277729.0,837478593.0,352925.0,9698877.0,337530207.0,13368372291.0,7197461.0,192510765.0,6448331655.0,245734925715.0,1360.0,-9.059419880941277e-13,315318.481617647,482235.8944366344,1.3002932064409833e-12,-29847.29044117648,-137760.08922469744,-17312281.25592792,73530.11102941174,-78678.44842668701,12635524.887256613,17540301.15300876,31128.69588775929,-2560842.5682349857,-5341667.820143175,-1203846099.3615062,-1.4497726640801825,153.88225099390854,63.56099432828282,0.9624911535739561
12126,83,0,167,224,18816,127.40672934190995,112.85906317004783,13541,0.9409351102184456,124.25499072254033,1,0.6444515306122449,12126,IMG_20221029_094115.jpg,216.8303781853463,73.4159350235848,12126.0,1368529.0,190066079.0,29663338759.0,538476.0,61495971.0,8612648589.0,1353261573255.0,28013456.0,3213791577.0,446022476387.0,69306403540401.0,1605295638.0,184275497517.0,25180251875919.0,3841629345936813.0,12126.0,1.3839951407135231e-10,35615178.13895762,173667863.86145118,9.208633855450898e-11,724074.1004453235,8999012.485017614,5294896562.405814,4101498.0108857006,-12088348.519280273,6392707406.574966,14975081392.338264,-2958544.655069785,430217464.4467219,9220993509.27664,1467437007146.181,1.5478359784081703,557.889393668845,226.56566377101365,0.8955025478177387
5922,73,64,142,195,9039,105.6676798378926,136.2595406957109,6420,0.8830200021942454,86.83389075655676,1,0.6551609691337538,5922,IMG_20221126_170235.jpg,129.5806445946842,60.81677786950974,5922.0,427921.0,36808307.0,3458409481.0,193458.0,15196311.0,1361549935.0,131344000713.0,8016688.0,663573407.0,60728742027.0,5919725939297.0,378189204.0,32296975149.0,2989533062497.0,292528336114515.0,5922.0,-4.519051799434237e-11,5886932.085950693,-52115893.8820013,3.9818814911996014e-11,1217124.7760891584,-16789808.030006386,2940022056.2680736,1696863.993920972,4769929.203087946,1502955817.6207387,-11696875455.621483,5437387.692008249,605065592.9104252,-2075992921.3557284,1231992751041.0483,1.3076465126505523,348.048773235279,134.8332303254654,0.922429906542056
7799,59,69,135,210,10716,97.10962943967175,142.21541223233748,8191,0.835137675902476,99.64936130949125,1,0.7277902202314296,7799,IMG_20221126_165714.jpg,135.34295097132738,74.44416724872983,7799.0,571007.0,50623789.0,4976491145.0,297217.0,22586523.0,2057831779.0,206803097811.0,14139641.0,1103770811.0,101294097339.0,10200405545543.0,751622281.0,59735926731.0,5481788492155.0,549555474048567.0,7799.0,1.7053025658242404e-11,8817276.107449675,-21071445.344407298,1.581383912707679e-10,825657.8225413511,7676183.697430678,2187011681.2716575,2812811.2668290827,5600139.045705096,2072734991.2300613,16329256971.469246,-1624588.045169584,467916715.79694355,5236180528.144903,924515555340.4452,1.4366064231016429,366.8772003600252,143.19916200872126,0.9521425955316811
7246,71,47,153,178,10742,111.28788296991443,116.31341429754347,7727,0.8205270967475379,96.05151607939871,1,0.6745485012102029,7246,IMG_20221129_173805.jpg,128.55024281574222,73.48029972503085,7246.0,502245.0,41856809.0,3846170469.0,291926.0,21655881.0,1871507159.0,176517932715.0,14645654.0,1132877221.0,99430067135.0,9446117707819.0,826432904.0,65498200083.0,5784578441225.0,549581213474145.0,7246.0,-6.608047442568932e-12,7044493.236130279,-31623630.774427846,-7.02016222930979e-11,1421493.217775325,-11872160.135679845,3544516569.3414283,2884573.4761247574,3199032.8390065366,2268326054.901441,-12542614597.419691,3963792.3816736704,906932480.6878542,-1757604694.167911,1880696453227.397,1.2710393927115085,363.36248173426384,140.7693148381422,0.9377507441439109
5758,69,79,137,206,8636,101.6227856894755,148.3558527266412,6186,0.852444453799765,85.62308858354193,1,0.6667438628994905,5758,IMG_20221129_164252.jpg,120.62674229349685,63.06580816423934,5758.0,399351.0,32868083.0,2959333929.0,187842.0,13523676.0,1133276176.0,103356453306.0,7624978.0,566740136.0,47797424656.0,4354510033850.0,348805248.0,26476971972.0,2234157586636.0,202299305764458.0,5758.0,5.400124791776761e-13,5170753.857763112,-37504081.04447952,1.2221335055073723e-11,495733.9121222646,-7736348.134400298,1270631007.8387284,1497048.6905175417,5558842.439781026,863672200.3315597,1056498017.8946747,2381427.624107007,158503068.1855988,-21140769.594563298,299135594152.01855,1.4389952848298657,328.492424049175,130.728726758888,0.9308115098609764
7990,39,39,122,180,11703,80.41401752190238,114.55018773466834,8501,0.8083840358911195,100.86220284345346,1,0.6827309236947792,7990,IMG_20221122_173551.jpg,133.22385076208892,78.42294714524623,7990.0,603646.0,54463266.0,5401258780.0,330898.0,25177916.0,2279893208.0,226970298764.0,16780558.0,1292718390.0,116399323698.0,11473593319410.0,950126386.0,73952118746.0,6602173548254.0,641991929219294.0,7990.0,-3.7616132431139704e-11,8857697.3747184,-51852590.056886695,4.0827785596775357e-11,178509.97897371772,-2622369.2719821283,820120177.15074,3076742.4300375446,10158452.013405465,1874860773.9295769,12238024802.70791,335533.1447899219,-10713576.166788267,2535200544.0716276,146123084670.306,1.5399565174111693,379.01933598375615,143.02796929272262,0.9398894247735561
6938,77,44,153,175,9956,115.04093398673969,104.47218218506774,7248,0.8058046292049981,93.98795646981883,1,0.6968662113298514,6938,IMG_20221129_174705.jpg,123.04066303188397,72.86240134191092,6938.0,419556.0,31877358.0,2737080630.0,263928.0,16457308.0,1274899094.0,110889315496.0,12400912.0,782870036.0,60206902466.0,5173652528588.0,649718904.0,41202745810.0,3122338232072.0,263100942726958.0,6938.0,-6.005507202644367e-11,6505891.131161722,22536361.925717495,6.746603276042151e-11,497005.9002594399,2144559.9552465044,926673279.1451678,2360844.374747769,-4853311.010571838,1293970863.8406005,-5730097381.101607,-1640820.7928591426,309028740.5719444,-82479466.61709884,389815673841.0464,1.453115019396298,343.1198410471445,132.09844813622905,0.9572295805739515
7372,77,23,157,161,11040,116.84210526315789,86.57542051003799,7868,0.826016460763412,96.88303217688647,1,0.6677536231884058,7372,IMG_20221129_172818.jpg,130.8573030343717,73.75719464046139,7372.0,468678.0,37554226.0,3418921494.0,293716.0,19505337.0,1603221347.0,148006106679.0,14340690.0,969147899.0,79252021001.0,7228114044725.0,778850224.0,53035733847.0,4277962536245.0,382382312669901.0,7372.0,-1.2505552149377763e-12,7757825.0661964165,44981802.4674972,-1.0264500360790407e-10,832218.7894736854,1164602.6372904128,1475885492.9403484,2638426.210526315,-8882195.378473293,1579219953.6170962,-9933541284.618649,-2753966.1440443317,618483710.611835,-2540996038.1203475,727063956715.8186,1.4136244662356834,363.60512242138304,138.92443989449805,0.9369598373157092
7214,81,67,157,204,10412,118.69628500138619,140.3386470751317,7685,0.8295953452463977,95.83918862198001,1,0.6928543987706492,7214,IMG_20221129_165628.jpg,130.00388017751598,72.58962702339461,7214.0,529065.0,46408335.0,4474935255.0,271941.0,20202750.0,1781935968.0,172779191562.0,12639759.0,954671616.0,83929298302.0,8074427842788.0,657314589.0,50260763052.0,4390086732702.0,417450715109904.0,7214.0,-1.9667822925839573e-11,7607423.685195455,-44425568.50857584,6.069456048862776e-11,258964.97574161406,-5470136.521274399,1115700292.7674744,2388593.560438038,8164756.522414724,1486498327.9364612,6095390401.558913,760424.173667787,26882040.38241862,1085752943.8676403,205209282384.2669,1.521337009363392,360.19090885900994,139.83204210766573,0.938711776187378
7311,108,33,182,177,10656,145.52359458350432,98.97483244426208,7815,0.8531710559641783,96.48136769117018,1,0.6860923423423423,7311,IMG_20221122_173253.jpg,135.52964371950915,70.69649594401567,7311.0,482342.0,40204500.0,3814126526.0,274335.0,18359270.0,1547077670.0,147587214212.0,12588897.0,840296824.0,69635966984.0,6510323234410.0,641936145.0,42583748462.0,3447380553482.0,313464719215304.0,7311.0,-3.438600515437429e-10,8382067.369169746,55630394.55968455,9.109157872444484e-11,260064.34140336435,4144908.8698723735,251168340.77646044,2294861.6799343443,-9770644.057965286,1441320644.5538404,-12011675906.127533,-2667440.8876456325,233480415.72017017,-6016023.58771107,212767448797.29535,1.5281767410437002,368.19090885901,144.6789549312546,0.9355086372360845
7735,58,53,135,196,11011,96.6748545572075,126.73329023917259,8061,0.8586910685004663,99.23964872230495,1,0.7024793388429752,7735,IMG_20221126_165608.jpg,139.98388069096345,71.74083733553678,7735.0,570327.0,51298905.0,5111188899.0,299150.0,23294243.0,2174851659.0,223321647059.0,14284088.0,1160545537.0,110304129909.0,11441606174473.0,761486510.0,63703105775.0,6106909913007.0,634961480724491.0,7735.0,-5.74402747588465e-11,9246818.777763413,-34844897.77646359,1.0749090506578796e-10,1236929.224951519,8468246.083665257,3599923653.218208,2714505.2592113763,11656614.948998863,2333400064.209873,18377128512.663128,-914708.0719026062,653356465.048164,9088962209.171875,1579987912500.8806,1.3897862757606478,371.7056274847714,147.70917371646217,0.9595583674482074
9013,52,60,138,205,12470,93.90047708864972,133.72495284588928,9387,0.8114043585449278,107.12473111610606,1,0.7227746591820369,9013,IMG_20221126_163027.jpg,140.9817733294658,82.40176214146754,9013.0,664483.0,59863503.0,5984077213.0,377649.0,29348319.0,2728301375.0,279237385377.0,19970389.0,1608106131.0,151048320763.0,15509867761533.0,1186602885.0,97694404887.0,9196942064039.0,940990369288221.0,9013.0,-6.866684998385608e-11,10874525.15810496,-32804431.87020061,3.5072389437118545e-11,1506164.2827027626,-2091742.3386618958,4404661560.988468,4146715.727948517,9572139.622674864,3563080270.2482243,9623907579.67054,2335323.5499766227,1076039613.1608188,4710199278.883083,2379403919681.3257,1.3603086801390147,392.3330444827409,149.7230777134908,0.9601576648556515
8975,76,18,160,170,12768,117.66183844011142,91.76657381615598,9257,0.8278652636966622,106.89866656791415,1,0.7029291979949874,8975,IMG_20220110_153207.jpg,143.3954368400923,80.43437294629072,8975.0,662055.0,60370745.0,6172997925.0,373915.0,27497067.0,2501350805.0,255028515225.0,19207999.0,1405260119.0,125334674301.0,12493234408529.0,1103238697.0,80407023339.0,7012514645189.0,680247064856397.0,8975.0,-6.139089236967266e-12,11533215.972144846,18123252.92738585,6.52278231427772e-11,-85361.44846796652,-1211776.5202317925,-488276347.34835464,3630012.6796657396,-4535527.343977768,2615360067.2411923,-3982635693.6330028,532142.3125983995,36247629.55031277,-1476662009.1564486,-125998727116.7005,-1.5599971392400027,388.8183258569795,152.55490814785344,0.969536566922329
8034,44,61,123,203,11218,83.57866567089869,131.63393079412498,8403,0.8284233279340995,101.13953975771443,1,0.7161704403637011,8034,IMG_20221126_163123.jpg,136.1528171541252,76.25953074542349,8034.0,567473.0,49264677.0,4762379993.0,317975.0,23349331.0,2077299395.0,204918099259.0,15631501.0,1178042729.0,105205626217.0,10368265769297.0,859419485.0,65712157747.0,5842477352603.0,570909337463035.0,8034.0,6.899369964230573e-11,9181828.390465522,-14475055.004267108,1.0788170357045601e-10,889506.8557381129,1810483.253977133,2732153867.9110303,3046474.783295994,3517380.247242624,2247607444.09738,5118528661.918282,-405280.859109537,410182185.3915609,2593271409.622226,1009570689054.4043,1.4296855698707884,374.7766952966369,146.74126890551273,0.9560871117458051
15784,59,0,173,209,23826,115.72636847440447,101.00012671059301,16706,0.837184133794382,141.76322856827088,1,0.6624695710568287,15784,IMG_20220110_152533.jpg,194.2997119568425,106.26661867623027,15784.0,1594186.0,198248820.0,27770836876.0,895369.0,90856378.0,11247122072.0,1561278893194.0,61938065.0,6258063064.0,756554632790.0,102063162485392.0,4800756787.0,482397578692.0,56816687737874.0,7421605576918612.0,15784.0,-3.8176040106918663e-10,37235831.99974654,226033435.476938,3.8748027009205543e-10,423995.54726304417,-84460748.93247509,-1443761533.8967886,11147033.185440967,-45792804.50004708,14017925617.752594,-35834816447.69446,22573865.470909733,1220411908.296167,-22286936750.861507,1510648721131.498,1.5545500317441092,544.0142853498728,209.86185932655795,0.9448102478151562
6365,67,53,139,177,8928,102.50793401413982,115.91673212882954,6549,0.8199760211566958,90.0231620319977,1,0.7129256272401434,6365,IMG_20221126_170606.jpg,119.63634963727354,68.47959203587837,6365.0,400465.0,30875705.0,2649120349.0,226008.0,14451404.0,1133089598.0,98800510832.0,9904678.0,642942220.0,50420010582.0,4381903957276.0,482715876.0,31680386774.0,2469016234424.0,212442350452886.0,6365.0,1.0487610779819079e-10,5679755.86802828,-8181468.7855286505,3.385025593161117e-11,231719.20502749435,7599071.916312496,549601994.6062416,1879600.8493322863,3316506.967838525,1023415085.1815962,4863720151.927067,-2460262.717326406,79730356.77881543,1364141896.1838722,182573560926.93463,1.5101196949818982,325.4629867976521,125.15989773086265,0.9719041074973278
2318,96,17,127,116,3069,112.17903364969801,66.19585849870577,2461,0.9542192809454902,54.32650609689627,1,0.7552948843271424,2318,IMG_20220110_150758.jpg,100.53880890580837,30.07195671107329,2318.0,114036.0,7072770.0,494251566.0,37503.0,1893031.0,121010659.0,8678232883.0,739509.0,37883949.0,2440102937.0,175962893889.0,16093533.0,833435161.0,53757580741.0,3877142013973.0,2318.0,1.5724310742371017e-11,1462671.080241587,2385854.898680184,-9.343636975245317e-13,48038.718723037084,1853463.1559100435,59377427.82996573,132746.7010353753,-51271.21593620401,59574939.14623743,302101434.9897658,-166434.68113000985,6464537.104681415,162993436.0224448,6932959700.532994,1.5347375789991515,230.71067811865476,99.18165152889924,0.9418935392117026
7983,72,40,145,196,11388,108.80283101590881,120.61067267944382,8344,0.8981114783162046,100.81801072041048,1,0.7010010537407798,7983,IMG_20221126_170646.jpg,153.24745432235665,67.39330535624337,7983.0,643515.0,63488933.0,6943730763.0,293797.0,24662941.0,2501723625.0,279903960919.0,13181347.0,1144452787.0,117555702963.0,13232497198549.0,658978891.0,58633310971.0,6057533917563.0,681892719730861.0,7983.0,-1.0871303857129533e-11,11614755.970687712,-46701417.439584844,-1.5631940186722204e-13,979767.1987974434,7191766.4920111885,3515993090.7115374,2368785.656019041,9779125.204285894,2437997469.0312724,13878575430.07408,-488031.62581137073,451748550.32493716,9325349423.478752,1325152112544.553,1.466374490004529,390.2914139223983,157.68956845650888,0.9567353787152445
6420,79,32,152,162,9490,115.04299065420561,92.05872274143302,6878,0.8236304125464715,90.41127074209136,1,0.6765015806111696,6420,IMG_20221129_171839.jpg,121.68387464685358,69.01020105713863,6420.0,385577.0,29095763.0,2493421109.0,231396.0,13791268.0,1035048136.0,88046485150.0,10253914.0,601499356.0,43909714660.0,3623507246386.0,507136374.0,29346408484.0,2078820420484.0,165702699260434.0,6420.0,2.091837814077735e-11,5938500.861526482,32649192.54819459,4.4778403207601514e-11,-106080.20747663568,-908094.3475954025,-512341725.1799499,1913710.1345794399,-6690726.087145306,996302047.1877685,-5898510978.288856,-397025.46203861805,25332432.9889379,820650769.6071792,-46894642039.37811,-1.544463997232734,340.6345596729059,131.68523075880606,0.9334108752544344
6256,97,32,171,158,9324,132.7391304347826,89.92167519181585,6629,0.8217778325229086,89.2490145148011,1,0.670956670956671,6256,IMG_20221126_170036.jpg,119.80599324561221,68.26641730060497,6256.0,362358.0,26505810.0,2205095268.0,223584.0,12358548.0,875234058.0,70917547932.0,9907658.0,525244226.0,35438632188.0,2737291219442.0,492912084.0,25354402992.0,1634479639230.0,120124726032564.0,6256.0,-1.0913936421275139e-11,5517427.62084399,30677049.38625747,-6.548361852765083e-11,-591811.8260869567,-3503078.1389970435,-1325482203.6107929,1916960.2608695661,-6322242.496858667,1035049727.2668173,-3967990095.5497828,1800016.8317580323,-250298394.3024236,1603998590.4235568,-384502491207.27844,-1.4119901365329215,333.8061325481597,130.0,0.9437320862875245
7854,65,51,146,195,11664,104.04698242933537,124.11242678889738,8248,0.8451391882662264,100.00011692168148,1,0.6733539094650206,7854,IMG_20221126_170442.jpg,137.6820729309968,73.59744338446114,7854.0,574225.0,51244115.0,5080216939.0,306675.0,22961151.0,2073849731.0,207317974011.0,14677667.0,1118759723.0,100637357415.0,9964178748839.0,786239253.0,60598400451.0,5398161323219.0,526317201701895.0,7854.0,1.7564616427989677e-11,9261131.727145407,-20572298.065844186,1.0814460438268725e-10,539397.5145148964,-5951649.592008278,1606321057.7523725,2702933.6634835745,3516178.487304285,1849924987.7680428,1037726429.4860075,2037841.0159598896,235447641.88438308,-874408814.9675443,552243583437.7549,1.4892785305505813,376.7766952966369,145.38225476308997,0.9522308438409312
8003,61,66,142,203,11097,101.02224165937773,135.26839935024367,8337,0.7967123272713336,100.94422260097656,1,0.721185906100748,8003,IMG_20221126_162926.jpg,130.52704157858184,78.88515632821372,8003.0,554355.0,46912971.0,4418139309.0,320298.0,22396482.0,1906255918.0,180572760138.0,15939806.0,1123388998.0,94698808706.0,8857803487870.0,888198636.0,62837402868.0,5220012029368.0,479358198853716.0,8003.0,4.629896466212813e-11,8513687.478195678,-10906109.300053388,-9.511325060884701e-11,209952.22491565655,-392453.4412392813,808352560.3994441,3120762.0409846315,2458633.0615931507,1943414975.1881418,4385898229.407544,452083.1330013135,9213311.792684443,-843849505.0341687,203782413240.21954,1.5319436696977204,363.7056274847714,138.0507153186828,0.9599376274439246
9498,76,37,171,188,14345,122.63581806696146,110.46725626447673,10004,0.7953680186864543,109.96921931110803,1,0.662112234227954,9498,IMG_20221126_164056.jpg,142.4496277333919,86.34253903714524,9498.0,697792.0,63165318.0,6424876840.0,442947.0,33584349.0,3098155339.0,319089081789.0,25228013.0,1941575903.0,178160093721.0,18158738292491.0,1603115721.0,124190889501.0,11242646272459.0,1124610569256645.0,9498.0,-1.2232703738845885e-10,11900454.31669825,35706781.56969744,-2.049773684120737e-10,1042248.2394188271,-753176.382931384,2749285827.999084,4570817.294693621,-9069191.662844857,3230171955.333441,-7334029968.200656,259088.99575602595,882867913.8087357,-6617006366.271327,1423977574764.7954,1.4322575552801082,407.2031021678297,152.0690632574555,0.9494202319072371
7234,75,34,156,168,10854,114.13519491291125,94.27578103400609,7727,0.8547929871809267,95.97194833186501,1,0.6664824028008107,7234,IMG_20221122_174344.jpg,135.25392949043228,70.19261296652873,7234.0,436035.0,33577469.0,2947732365.0,283104.0,14840511.0,1025789049.0,81913946175.0,14282838.0,685525561.0,43743922175.0,3233920143985.0,816002088.0,36980601867.0,2227987337793.0,155486342372079.0,7234.0,-2.631850293255411e-11,7295118.816837155,44386227.03840473,-4.285993782104924e-11,-2223803.713851258,-20188733.559819363,-5557090085.64722,3203507.7793751718,-1325671.2529315546,3401962819.8881197,34861110891.224,6300636.258714688,-1831230433.6746314,-9311400040.004795,-4242525120563.127,-1.157264521149081,372.77669529663683,147.13938969562162,0.9361977481558172
17281,74,0,189,224,25760,132.08743706961403,108.9154562814652,18020,0.8558171947664903,148.33358545039064,1,0.6708462732919255,17281,IMG_20221029_093729.jpg,208.24381042349324,107.72002225487334,17281.0,1882168.0,251828476.0,37858033156.0,1003809.0,108871253.0,14534383205.0,2177010505649.0,70847453.0,7616351257.0,996007602725.0,145721396605273.0,5565256353.0,594312878099.0,75944964029927.0,1.0806494316007096e+16,17281.0,-3.785771696129814e-10,46831289.481627196,228717263.5123719,3.807372195296921e-10,-459062.2544412942,6310402.821337539,-7790530591.481106,12538760.882587798,-46699913.24287237,18615275515.07726,-74663092291.63002,-6779582.076452723,955313096.6718476,16976136877.129478,-1369219326530.4424,-1.557412868837297,570.4579361637687,225.6213642366343,0.9589900110987791
7087,53,71,128,202,9825,89.74149851841399,137.20050797234373,7440,0.8333351465487131,94.99183466771288,1,0.721323155216285,7087,IMG_20221126_165340.jpg,128.67922606159308,71.12976677746595,7087.0,469163.0,38161249.0,3445904639.0,260387.0,18299503.0,1542460413.0,143094000565.0,12039917.0,880740583.0,75218534729.0,7017346528189.0,625021421.0,46878707245.0,4020162517323.0,374378734772311.0,7087.0,2.9245939003885724e-11,7102420.078171297,-20757063.67492066,-4.084199645149056e-11,1061751.3306053337,-218015.44709759223,2570199845.9287076,2472908.425285736,5671291.774423311,1800806076.4415457,4470279763.909127,940105.895053893,576961915.9792854,2653897189.2414474,1101273188372.5374,1.3557685499964593,352.14927829866735,136.01470508735443,0.9525537634408602
7384,66,45,148,181,11152,106.46722643553629,118.11145720476706,7837,0.8057442301906371,96.96185228389793,1,0.6621233859397417,7384,IMG_20221126_170844.jpg,127.72284912992833,75.64560128886748,7384.0,539855.0,46880615.0,4468739873.0,298810.0,22595031.0,1999158897.0,193347768519.0,14850312.0,1154903185.0,102787864399.0,9935143249765.0,826868566.0,65515469097.0,5830300584135.0,560111080016397.0,7384.0,-6.039613253960852e-11,7411029.270720474,-42432503.0447734,-4.348521542851813e-11,748596.4726435537,-7431523.588836905,2135863872.3452837,2758300.068797399,8587988.799940359,1758898726.9137897,3189045645.3497868,2676120.7352786744,341610357.2320402,2140903826.5503495,712567532513.8744,1.4151342672816791,365.60512242138304,139.94641831786907,0.9421972693632767
5394,97,63,162,183,7800,128.6701890989989,117.20022246941046,5669,0.8468572871628491,82.87251718333086,1,0.6915384615384615,5394,IMG_20221122_175259.jpg,115.42407641597785,61.38485649508969,5394.0,292356.0,20334896.0,1618765470.0,170829.0,9173202.0,635253356.0,50370999288.0,6682793.0,350162094.0,23458989440.0,1803353917128.0,292007607.0,14931828600.0,961700052914.0,71044685929986.0,5394.0,-1.9952040020143613e-11,4489135.759733036,29985269.161842253,-5.5777604757167865e-12,-85767.80422691883,540622.5111475945,-227643832.67027625,1272606.2664071207,-6614208.160074045,596213497.8212163,-4821764582.187289,-245073.2308349031,-8553443.931503965,31721809.26711079,-37732151212.34446,-1.5441568589274615,312.8355697996826,121.06196760337245,0.9514905627094725
6597,66,57,143,186,9933,104.26800060633622,125.1258147642868,7003,0.801332760152961,91.64912043559322,1,0.6641498036846875,6597,IMG_20221129_175452.jpg,119.85723999724858,71.70086177903767,6597.0,449426.0,36503910.0,3264035618.0,252454.0,17570863.0,1447310031.0,131034629515.0,11817398.0,839039881.0,69190882561.0,6241467986389.0,616991998.0,44414497393.0,3647421853929.0,326023185360781.0,6597.0,-1.4026113603904378e-11,5886397.573745643,-24854254.308082324,-1.0675194062059745e-10,372228.55949674087,-338366.80214715423,1012987400.5993091,2156488.174927997,5481128.3751128465,1121994118.5626247,5119615347.556211,-285177.4007193425,116840323.96504268,2208644627.5223904,246222389067.12634,1.4722950973969409,340.5340546095176,131.59407281484982,0.9420248464943596
6010,80,77,152,204,9144,115.04525790349417,132.89151414309484,6392,0.8378773758593346,87.47668068610244,1,0.6572615923009624,6010,IMG_20221122_174837.jpg,120.57544683296175,65.8171326556071,6010.0,335908.0,24193772.0,1999230502.0,210622.0,11374628.0,798113618.0,64461421688.0,9050106.0,469925838.0,31423847084.0,2422353168750.0,436189696.0,21931689344.0,1396148177834.0,102166790053604.0,6010.0,5.491074261954054e-11,5419365.267221297,41210891.12819573,-5.282174697640585e-11,-397354.4918469218,-5345872.996567146,-981919032.7253363,1668803.689850249,-8047508.203733005,884182823.6061503,-4591736081.163589,2059085.7738305319,-137475497.83924428,633524559.8650098,-227741281091.1449,-1.4663951710548242,334.04877323527904,129.43724348115578,0.9402377972465582
7396,99,52,179,187,10800,139.61100594916172,123.62330989724175,7765,0.8054960028315463,97.04060837021409,1,0.6848148148148148,7396,IMG_20221129_173201.jpg,127.48686661868092,75.54887091489384,7396.0,529726.0,45352392.0,4279556998.0,300359.0,22207871.0,1941398331.0,186336394859.0,14937475.0,1132719327.0,99496430907.0,9541908997527.0,829183505.0,63924323165.0,5604268898001.0,533709935532521.0,7396.0,3.460343123151688e-11,7411662.541373714,-30427034.90636363,-6.635048066527816e-11,695165.2625743648,11995.616963766988,1838320899.8377612,2739593.8641157374,6385204.7645826,1641260092.9377959,7861547354.645773,42293.481763388394,318015397.1093288,4516629135.97238,622650583424.1364,1.4261771540769168,359.9482681718907,138.51353724455961,0.9524790727623954
5098,111,61,177,176,7590,144.34876422126325,122.26559435072578,5383,0.8231229123908048,80.56658860259543,1,0.6716732542819499,5098,IMG_20221129_174609.jpg,108.18247441604875,61.43285155272816,5098.0,312332.0,22825962.0,1834934582.0,170012.0,10107361.0,725786395.0,57788419951.0,6910434.0,406030337.0,28570758307.0,2228517000443.0,311559068.0,18224268835.0,1257510013645.0,95850661332145.0,5098.0,-5.610445441561751e-11,3690756.3852491174,-15744313.649128031,-1.0402345651527867e-11,-308525.22675559035,2372732.9172330536,-366358090.1106551,1240743.8972145931,3236360.8553045997,494612751.6271451,2205563743.639181,-1649917.5069625413,-157998740.1245109,-387958199.75336134,-122865107898.46996,-1.4474339448231806,296.492424049175,115.27792503337315,0.947055545234999
6908,80,60,157,193,10241,119.71409959467285,129.45570353213665,7286,0.8164756114675176,93.78453377306145,1,0.6745435016111708,6908,IMG_20221129_171722.jpg,124.65695873872771,71.97442528064903,6908.0,479800.0,39995032.0,3680013472.0,274345.0,19470287.0,1648055403.0,153710254313.0,13170899.0,953267475.0,80850071263.0,7522564073349.0,702863533.0,51584254907.0,4359119996859.0,402275288023121.0,6908.0,4.0898839870351367e-11,6670185.445280836,-24434458.933915477,2.5437429940211587e-12,415462.01447597,1976305.8472581017,1137351264.7136645,2275534.346699479,5474019.162880717,1290754118.5152926,7173502538.430233,-948456.989220791,148374342.86376992,3220791444.2915077,312286020244.8618,1.4773612244798844,349.1198410471445,135.32922818075923,0.9481196815811145
6684,75,45,151,177,10032,112.57211250748055,114.96603830041892,7034,0.8216789390040067,92.25146674720044,1,0.666267942583732,6684,IMG_20221129_173740.jpg,123.75225276393091,70.53267448750155,6684.0,467653.0,39042877.0,3581646385.0,251132.0,18133564.0,1541851170.0,143441431048.0,11588440.0,860175268.0,73499689102.0,6827004177688.0,598995860.0,45315952582.0,3867732559044.0,356701974053590.0,6684.0,-1.9269918993813917e-11,6323049.290694197,-34826460.23683807,-2.0939694422850152e-11,562852.8695391982,-3833368.1150851254,1410116204.8699791,2152880.241771396,7082888.438923426,1223884849.1581116,6016749006.182567,1817171.2158785996,224551266.6508357,1722687585.239236,410945568495.0538,1.438967219829052,344.2914139223983,134.73306943731373,0.9502416832527723
8608,71,14,154,160,12118,112.94342472118959,84.9953531598513,8990,0.8290671780102469,104.69023832755508,1,0.7103482422842053,8608,IMG_20220110_152908.jpg,140.69483999680702,78.66938036574894,8608.0,611128.0,54010098.0,5360455744.0,361049.0,26075573.0,2335086353.0,233999844281.0,18500125.0,1347307667.0,119734449151.0,11862202606139.0,1055073821.0,77188053857.0,6765878479241.0,658216846977665.0,8608.0,1.5560885913146194e-10,10622849.814126395,17643814.055893157,5.913847189731314e-11,442771.7369888471,6848401.67947944,1010197707.1776017,3356493.4478392196,-3257966.914518235,2413456380.6601377,-2779476797.6477914,-2450439.7833184083,355826495.18118376,143570675.66988158,509058767993.8333,1.5101608416967947,385.84776310850236,147.36349615830918,0.9575083426028921
5914,91,23,144,194,9063,117.30284071694285,104.4387893134934,6550,0.9603464288187953,86.77521920204957,1,0.6525433079554231,5914,IMG_20221129_162521.jpg,167.3256840924979,46.651990128362755,5914.0,481629.0,49559973.0,5793155799.0,155555.0,12329609.0,1237032697.0,141395179025.0,4908021.0,379304513.0,36614229985.0,4024420516025.0,173122001.0,13133258975.0,1220656777147.0,128566355190803.0,5914.0,1.2590817277668975e-11,10336690.341731487,73436505.59239355,-1.8381740574113792e-11,-338601.87166046683,-11384725.78036563,-1462696739.720689,816482.6122759557,-2586392.971713256,832952523.8370813,1119148150.606003,1075482.2038937353,-58724365.43327748,-461820529.01251686,-246114726117.596,-1.5352894863436497,402.0071426749364,171.35343591536179,0.9029007633587787
8360,78,59,164,205,12556,122.39425837320574,136.52775119617226,8879,0.810028359742542,103.17113256132241,1,0.6658171392163109,8360,IMG_20221129_162850.jpg,136.19472814030325,79.86332236143146,8360.0,648132.0,59923800.0,6100746342.0,371136.0,29094598.0,2713770026.0,278644765948.0,19825162.0,1575412718.0,146677689302.0,14974546041620.0,1175430780.0,94454779018.0,8742306702590.0,883109000848996.0,8360.0,5.2665427574538626e-11,9675583.561722485,-45263585.23117691,6.892264536872972e-11,321258.5320574162,3684463.00970403,1156888642.1242223,3348854.5244019143,9888422.486683913,2165186445.354244,15342209631.654345,-2032410.139815506,109849105.67636509,4851755092.156256,315199134500.25397,1.5201918407732076,385.4041122946064,147.80054127099805,0.9415474715621128
7792,93,39,177,176,11508,134.61691478439425,103.97831108829568,8309,0.7895252033302521,99.60463107996729,1,0.6770941953423705,7792,IMG_20221122_173652.jpg,128.60456199806194,78.92695236926137,7792.0,506311.0,40812923.0,3704131105.0,324279.0,21900216.0,1807809164.0,166453818510.0,16670109.0,1148737912.0,94543843268.0,8611504780534.0,956020965.0,66631940130.0,5426727657062.0,485594814391716.0,7792.0,-2.3774759938532952e-11,7913689.334573922,23739963.007198155,1.0101075531565584e-10,829114.2585985613,1552336.9610378363,1494694071.80097,3174617.4906314155,-3467971.3710429324,1806500033.4720788,-6828585569.603539,-1973111.8608740545,636294178.1181097,-61390974.72058439,822922138463.3655,1.4025008977601048,369.1614716074871,137.44089638822936,0.9377783126730052
8573,72,16,156,165,12516,114.99160153971772,88.74792954624985,8951,0.8313461551931853,104.47718706499784,1,0.684963247043784,8573,IMG_20220110_150552.jpg,141.14934733155818,78.44444920481077,8573.0,623668.0,56012052.0,5648066140.0,368567.0,27309026.0,2485068144.0,252685624652.0,19175995.0,1433023998.0,129424563052.0,12999449352384.0,1108579367.0,83268281390.0,7421817142860.0,731640828802484.0,8573.0,3.296918293926865e-12,10641496.275749443,25011684.693315018,-1.7189449863508344e-10,496539.85092733067,4775830.809717364,940464440.0423318,3330709.395310863,-4684022.078556654,2330798107.120253,-4716365370.029064,-2212431.5032165456,472317781.2243399,845426597.051489,509750288026.29895,1.5032907074244892,387.5046173579947,149.40548852033515,0.9577700815551335
